[
    {
      "Constituency": "Aldershot",
      "Region": "South East"
    },
    {
      "Constituency": "Aldridge-Brownhills",
      "Region": "West Midlands"
    },
    {
      "Constituency": "Altrincham and Sale West",
      "Region": "North West"
    },
    {
      "Constituency": "Amber Valley",
      "Region": "East Midlands"
    },
    {
      "Constituency": "Arundel and South Downs",
      "Region": "South East"
    },
    {
      "Constituency": "Ashfield",
      "Region": "East Midlands"
    },
    {
      "Constituency": "Ashford",
      "Region": "South East"
    },
    {
      "Constituency": "Ashton-under-Lyne",
      "Region": "North West"
    },
    {
      "Constituency": "Aylesbury",
      "Region": "South East"
    },
    {
      "Constituency": "Banbury",
      "Region": "South East"
    },
    {
      "Constituency": "Barking",
      "Region": "London"
    },
    {
      "Constituency": "Barnsley North",
      "Region": "Yorkshire and the Humber"
    },
    {
      "Constituency": "Barnsley South",
      "Region": "Yorkshire and the Humber"
    },
    {
      "Constituency": "Barrow and Furness",
      "Region": "North West"
    },
    {
      "Constituency": "Basildon and Billericay",
      "Region": "Eastern"
    },
    {
      "Constituency": "Basingstoke",
      "Region": "South East"
    },
    {
      "Constituency": "Bassetlaw",
      "Region": "East Midlands"
    },
    {
      "Constituency": "Bath",
      "Region": "South West"
    },
    {
      "Constituency": "Battersea",
      "Region": "London"
    },
    {
      "Constituency": "Beaconsfield",
      "Region": "South East"
    },
    {
      "Constituency": "Beckenham and Penge",
      "Region": "London"
    },
    {
      "Constituency": "Bedford",
      "Region": "Eastern"
    },
    {
      "Constituency": "Bermondsey and Old Southwark",
      "Region": "London"
    },
    {
      "Constituency": "Bethnal Green and Stepney",
      "Region": "London"
    },
    {
      "Constituency": "Beverley and Holderness",
      "Region": "Yorkshire and the Humber"
    },
    {
      "Constituency": "Bexhill and Battle",
      "Region": "South East"
    },
    {
      "Constituency": "Bexleyheath and Crayford",
      "Region": "London"
    },
    {
      "Constituency": "Bicester and Woodstock",
      "Region": "South East"
    },
    {
      "Constituency": "Birkenhead",
      "Region": "North West"
    },
    {
      "Constituency": "Birmingham Edgbaston",
      "Region": "West Midlands"
    },
    {
      "Constituency": "Birmingham Erdington",
      "Region": "West Midlands"
    },
    {
      "Constituency": "Birmingham Hall Green and Moseley",
      "Region": "West Midlands"
    },
    {
      "Constituency": "Birmingham Hodge Hill and Solihull North",
      "Region": "West Midlands"
    },
    {
      "Constituency": "Birmingham Ladywood",
      "Region": "West Midlands"
    },
    {
      "Constituency": "Birmingham Northfield",
      "Region": "West Midlands"
    },
    {
      "Constituency": "Birmingham Perry Barr",
      "Region": "West Midlands"
    },
    {
      "Constituency": "Birmingham Selly Oak",
      "Region": "West Midlands"
    },
    {
      "Constituency": "Birmingham Yardley",
      "Region": "West Midlands"
    },
    {
      "Constituency": "Bishop Auckland",
      "Region": "North East"
    },
    {
      "Constituency": "Blackburn",
      "Region": "North West"
    },
    {
      "Constituency": "Blackley and Middleton South",
      "Region": "North West"
    },
    {
      "Constituency": "Blackpool North and Fleetwood",
      "Region": "North West"
    },
    {
      "Constituency": "Blackpool South",
      "Region": "North West"
    },
    {
      "Constituency": "Blaydon and Consett",
      "Region": "North East"
    },
    {
      "Constituency": "Blyth and Ashington",
      "Region": "North East"
    },
    {
      "Constituency": "Bognor Regis and Littlehampton",
      "Region": "South East"
    },
    {
      "Constituency": "Bolsover",
      "Region": "East Midlands"
    },
    {
      "Constituency": "Bolton North East",
      "Region": "North West"
    },
    {
      "Constituency": "Bolton South and Walkden",
      "Region": "North West"
    },
    {
      "Constituency": "Bolton West",
      "Region": "North West"
    },
    {
      "Constituency": "Bootle",
      "Region": "North West"
    },
    {
      "Constituency": "Boston and Skegness",
      "Region": "East Midlands"
    },
    {
      "Constituency": "Bournemouth East",
      "Region": "South West"
    },
    {
      "Constituency": "Bournemouth West",
      "Region": "South West"
    },
    {
      "Constituency": "Bracknell",
      "Region": "South East"
    },
    {
      "Constituency": "Bradford East",
      "Region": "Yorkshire and the Humber"
    },
    {
      "Constituency": "Bradford South",
      "Region": "Yorkshire and the Humber"
    },
    {
      "Constituency": "Bradford West",
      "Region": "Yorkshire and the Humber"
    },
    {
      "Constituency": "Braintree",
      "Region": "Eastern"
    },
    {
      "Constituency": "Brent East",
      "Region": "London"
    },
    {
      "Constituency": "Brent West",
      "Region": "London"
    },
    {
      "Constituency": "Brentford and Isleworth",
      "Region": "London"
    },
    {
      "Constituency": "Brentwood and Ongar",
      "Region": "Eastern"
    },
    {
      "Constituency": "Bridgwater",
      "Region": "South West"
    },
    {
      "Constituency": "Bridlington and The Wolds",
      "Region": "Yorkshire and the Humber"
    },
    {
      "Constituency": "Brigg and Immingham",
      "Region": "Yorkshire and the Humber"
    },
    {
      "Constituency": "Brighton Kemptown and Peacehaven",
      "Region": "South East"
    },
    {
      "Constituency": "Brighton Pavilion",
      "Region": "South East"
    },
    {
      "Constituency": "Bristol Central",
      "Region": "South West"
    },
    {
      "Constituency": "Bristol East",
      "Region": "South West"
    },
    {
      "Constituency": "Bristol North East",
      "Region": "South West"
    },
    {
      "Constituency": "Bristol North West",
      "Region": "South West"
    },
    {
      "Constituency": "Bristol South",
      "Region": "South West"
    },
    {
      "Constituency": "Broadland and Fakenham",
      "Region": "Eastern"
    },
    {
      "Constituency": "Bromley and Biggin Hill",
      "Region": "London"
    },
    {
      "Constituency": "Bromsgrove",
      "Region": "West Midlands"
    },
    {
      "Constituency": "Broxbourne",
      "Region": "Eastern"
    },
    {
      "Constituency": "Broxtowe",
      "Region": "East Midlands"
    },
    {
      "Constituency": "Buckingham and Bletchley",
      "Region": "South East"
    },
    {
      "Constituency": "Burnley",
      "Region": "North West"
    },
    {
      "Constituency": "Burton and Uttoxeter",
      "Region": "West Midlands"
    },
    {
      "Constituency": "Bury North",
      "Region": "North West"
    },
    {
      "Constituency": "Bury South",
      "Region": "North West"
    },
    {
      "Constituency": "Bury St Edmunds and Stowmarket",
      "Region": "Eastern"
    },
    {
      "Constituency": "Calder Valley",
      "Region": "Yorkshire and the Humber"
    },
    {
      "Constituency": "Camborne and Redruth",
      "Region": "South West"
    },
    {
      "Constituency": "Cambridge",
      "Region": "Eastern"
    },
    {
      "Constituency": "Cannock Chase",
      "Region": "West Midlands"
    },
    {
      "Constituency": "Canterbury",
      "Region": "South East"
    },
    {
      "Constituency": "Carlisle",
      "Region": "North West"
    },
    {
      "Constituency": "Carshalton and Wallington",
      "Region": "London"
    },
    {
      "Constituency": "Castle Point",
      "Region": "Eastern"
    },
    {
      "Constituency": "Central Devon",
      "Region": "South West"
    },
    {
      "Constituency": "Central Suffolk and North Ipswich",
      "Region": "Eastern"
    },
    {
      "Constituency": "Chatham and Aylesford",
      "Region": "South East"
    },
    {
      "Constituency": "Cheadle",
      "Region": "North West"
    },
    {
      "Constituency": "Chelmsford",
      "Region": "Eastern"
    },
    {
      "Constituency": "Chelsea and Fulham",
      "Region": "London"
    },
    {
      "Constituency": "Cheltenham",
      "Region": "South West"
    },
    {
      "Constituency": "Chesham and Amersham",
      "Region": "South East"
    },
    {
      "Constituency": "Chester North and Neston",
      "Region": "North West"
    },
    {
      "Constituency": "Chester South and Eddisbury",
      "Region": "North West"
    },
    {
      "Constituency": "Chesterfield",
      "Region": "East Midlands"
    },
    {
      "Constituency": "Chichester",
      "Region": "South East"
    },
    {
      "Constituency": "Chingford and Woodford Green",
      "Region": "London"
    },
    {
      "Constituency": "Chippenham",
      "Region": "South West"
    },
    {
      "Constituency": "Chipping Barnet",
      "Region": "London"
    },
    {
      "Constituency": "Chorley",
      "Region": "North West"
    },
    {
      "Constituency": "Christchurch",
      "Region": "South West"
    },
    {
      "Constituency": "Cities of London and Westminster",
      "Region": "London"
    },
    {
      "Constituency": "City of Durham",
      "Region": "North East"
    },
    {
      "Constituency": "Clacton",
      "Region": "Eastern"
    },
    {
      "Constituency": "Clapham and Brixton Hill",
      "Region": "London"
    },
    {
      "Constituency": "Colchester",
      "Region": "Eastern"
    },
    {
      "Constituency": "Colne Valley",
      "Region": "Yorkshire and the Humber"
    },
    {
      "Constituency": "Congleton",
      "Region": "North West"
    },
    {
      "Constituency": "Corby and East Northamptonshire",
      "Region": "East Midlands"
    },
    {
      "Constituency": "Coventry East",
      "Region": "West Midlands"
    },
    {
      "Constituency": "Coventry North West",
      "Region": "West Midlands"
    },
    {
      "Constituency": "Coventry South",
      "Region": "West Midlands"
    },
    {
      "Constituency": "Cramlington and Killingworth",
      "Region": "North East"
    },
    {
      "Constituency": "Crawley",
      "Region": "South East"
    },
    {
      "Constituency": "Crewe and Nantwich",
      "Region": "North West"
    },
    {
      "Constituency": "Croydon East",
      "Region": "London"
    },
    {
      "Constituency": "Croydon South",
      "Region": "London"
    },
    {
      "Constituency": "Croydon West",
      "Region": "London"
    },
    {
      "Constituency": "Dagenham and Rainham",
      "Region": "London"
    },
    {
      "Constituency": "Darlington",
      "Region": "North East"
    },
    {
      "Constituency": "Dartford",
      "Region": "South East"
    },
    {
      "Constituency": "Daventry",
      "Region": "East Midlands"
    },
    {
      "Constituency": "Derby North",
      "Region": "East Midlands"
    },
    {
      "Constituency": "Derby South",
      "Region": "East Midlands"
    },
    {
      "Constituency": "Derbyshire Dales",
      "Region": "East Midlands"
    },
    {
      "Constituency": "Dewsbury and Batley",
      "Region": "Yorkshire and the Humber"
    },
    {
      "Constituency": "Didcot and Wantage",
      "Region": "South East"
    },
    {
      "Constituency": "Doncaster Central",
      "Region": "Yorkshire and the Humber"
    },
    {
      "Constituency": "Doncaster East and the Isle of Axholme",
      "Region": "Yorkshire and the Humber"
    },
    {
      "Constituency": "Doncaster North",
      "Region": "Yorkshire and the Humber"
    },
    {
      "Constituency": "Dorking and Horley",
      "Region": "South East"
    },
    {
      "Constituency": "Dover and Deal",
      "Region": "South East"
    },
    {
      "Constituency": "Droitwich and Evesham",
      "Region": "West Midlands"
    },
    {
      "Constituency": "Dudley",
      "Region": "West Midlands"
    },
    {
      "Constituency": "Dulwich and West Norwood",
      "Region": "London"
    },
    {
      "Constituency": "Dunstable and Leighton Buzzard",
      "Region": "Eastern"
    },
    {
      "Constituency": "Ealing Central and Acton",
      "Region": "London"
    },
    {
      "Constituency": "Ealing North",
      "Region": "London"
    },
    {
      "Constituency": "Ealing Southall",
      "Region": "London"
    },
    {
      "Constituency": "Earley and Woodley",
      "Region": "South East"
    },
    {
      "Constituency": "Easington",
      "Region": "North East"
    },
    {
      "Constituency": "East Grinstead and Uckfield",
      "Region": "South East"
    },
    {
      "Constituency": "East Ham",
      "Region": "London"
    },
    {
      "Constituency": "East Hampshire",
      "Region": "South East"
    },
    {
      "Constituency": "East Surrey",
      "Region": "South East"
    },
    {
      "Constituency": "East Thanet",
      "Region": "South East"
    },
    {
      "Constituency": "East Wiltshire",
      "Region": "South West"
    },
    {
      "Constituency": "East Worthing and Shoreham",
      "Region": "South East"
    },
    {
      "Constituency": "Eastbourne",
      "Region": "South East"
    },
    {
      "Constituency": "Eastleigh",
      "Region": "South East"
    },
    {
      "Constituency": "Edmonton and Winchmore Hill",
      "Region": "London"
    },
    {
      "Constituency": "Ellesmere Port and Bromborough",
      "Region": "North West"
    },
    {
      "Constituency": "Eltham and Chislehurst",
      "Region": "London"
    },
    {
      "Constituency": "Ely and East Cambridgeshire",
      "Region": "Eastern"
    },
    {
      "Constituency": "Enfield North",
      "Region": "London"
    },
    {
      "Constituency": "Epping Forest",
      "Region": "Eastern"
    },
    {
      "Constituency": "Epsom and Ewell",
      "Region": "South East"
    },
    {
      "Constituency": "Erewash",
      "Region": "East Midlands"
    },
    {
      "Constituency": "Erith and Thamesmead",
      "Region": "London"
    },
    {
      "Constituency": "Esher and Walton",
      "Region": "South East"
    },
    {
      "Constituency": "Exeter",
      "Region": "South West"
    },
    {
      "Constituency": "Exmouth and Exeter East",
      "Region": "South West"
    },
    {
      "Constituency": "Fareham and Waterlooville",
      "Region": "South East"
    },
    {
      "Constituency": "Farnham and Bordon",
      "Region": "South East"
    },
    {
      "Constituency": "Faversham and Mid Kent",
      "Region": "South East"
    },
    {
      "Constituency": "Feltham and Heston",
      "Region": "London"
    },
    {
      "Constituency": "Filton and Bradley Stoke",
      "Region": "South West"
    },
    {
      "Constituency": "Finchley and Golders Green",
      "Region": "London"
    },
    {
      "Constituency": "Folkestone and Hythe",
      "Region": "South East"
    },
    {
      "Constituency": "Forest of Dean",
      "Region": "South West"
    },
    {
      "Constituency": "Frome and East Somerset",
      "Region": "South West"
    },
    {
      "Constituency": "Fylde",
      "Region": "North West"
    },
    {
      "Constituency": "Gainsborough",
      "Region": "East Midlands"
    },
    {
      "Constituency": "Gateshead Central and Whickham",
      "Region": "North East"
    },
    {
      "Constituency": "Gedling",
      "Region": "East Midlands"
    },
    {
      "Constituency": "Gillingham and Rainham",
      "Region": "South East"
    },
    {
      "Constituency": "Glastonbury and Somerton",
      "Region": "South West"
    },
    {
      "Constituency": "Gloucester",
      "Region": "South West"
    },
    {
      "Constituency": "Godalming and Ash",
      "Region": "South East"
    },
    {
      "Constituency": "Goole and Pocklington",
      "Region": "Yorkshire and the Humber"
    },
    {
      "Constituency": "Gorton and Denton",
      "Region": "North West"
    },
    {
      "Constituency": "Gosport",
      "Region": "South East"
    },
    {
      "Constituency": "Grantham and Bourne",
      "Region": "East Midlands"
    },
    {
      "Constituency": "Gravesham",
      "Region": "South East"
    },
    {
      "Constituency": "Great Grimsby and Cleethorpes",
      "Region": "Yorkshire and the Humber"
    },
    {
      "Constituency": "Great Yarmouth",
      "Region": "Eastern"
    },
    {
      "Constituency": "Greenwich and Woolwich",
      "Region": "London"
    },
    {
      "Constituency": "Guildford",
      "Region": "South East"
    },
    {
      "Constituency": "Hackney North and Stoke Newington",
      "Region": "London"
    },
    {
      "Constituency": "Hackney South and Shoreditch",
      "Region": "London"
    },
    {
      "Constituency": "Halesowen",
      "Region": "West Midlands"
    },
    {
      "Constituency": "Halifax",
      "Region": "Yorkshire and the Humber"
    },
    {
      "Constituency": "Hamble Valley",
      "Region": "South East"
    },
    {
      "Constituency": "Hammersmith and Chiswick",
      "Region": "London"
    },
    {
      "Constituency": "Hampstead and Highgate",
      "Region": "London"
    },
    {
      "Constituency": "Harborough, Oadby and Wigston",
      "Region": "East Midlands"
    },
    {
      "Constituency": "Harlow",
      "Region": "Eastern"
    },
    {
      "Constituency": "Harpenden and Berkhamsted",
      "Region": "Eastern"
    },
    {
      "Constituency": "Harrogate and Knaresborough",
      "Region": "Yorkshire and the Humber"
    },
    {
      "Constituency": "Harrow East",
      "Region": "London"
    },
    {
      "Constituency": "Harrow West",
      "Region": "London"
    },
    {
      "Constituency": "Hartlepool",
      "Region": "North East"
    },
    {
      "Constituency": "Harwich and North Essex",
      "Region": "Eastern"
    },
    {
      "Constituency": "Hastings and Rye",
      "Region": "South East"
    },
    {
      "Constituency": "Havant",
      "Region": "South East"
    },
    {
      "Constituency": "Hayes and Harlington",
      "Region": "London"
    },
    {
      "Constituency": "Hazel Grove",
      "Region": "North West"
    },
    {
      "Constituency": "Hemel Hempstead",
      "Region": "Eastern"
    },
    {
      "Constituency": "Hendon",
      "Region": "London"
    },
    {
      "Constituency": "Henley and Thame",
      "Region": "South East"
    },
    {
      "Constituency": "Hereford and South Herefordshire",
      "Region": "West Midlands"
    },
    {
      "Constituency": "Herne Bay and Sandwich",
      "Region": "South East"
    },
    {
      "Constituency": "Hertford and Stortford",
      "Region": "Eastern"
    },
    {
      "Constituency": "Hertsmere",
      "Region": "Eastern"
    },
    {
      "Constituency": "Hexham",
      "Region": "North East"
    },
    {
      "Constituency": "Heywood and Middleton North",
      "Region": "North West"
    },
    {
      "Constituency": "High Peak",
      "Region": "East Midlands"
    },
    {
      "Constituency": "Hinckley and Bosworth",
      "Region": "East Midlands"
    },
    {
      "Constituency": "Hitchin",
      "Region": "Eastern"
    },
    {
      "Constituency": "Holborn and St Pancras",
      "Region": "London"
    },
    {
      "Constituency": "Honiton and Sidmouth",
      "Region": "South West"
    },
    {
      "Constituency": "Hornchurch and Upminster",
      "Region": "London"
    },
    {
      "Constituency": "Hornsey and Friern Barnet",
      "Region": "London"
    },
    {
      "Constituency": "Horsham",
      "Region": "South East"
    },
    {
      "Constituency": "Houghton and Sunderland South",
      "Region": "North East"
    },
    {
      "Constituency": "Hove and Portslade",
      "Region": "South East"
    },
    {
      "Constituency": "Huddersfield",
      "Region": "Yorkshire and the Humber"
    },
    {
      "Constituency": "Huntingdon",
      "Region": "Eastern"
    },
    {
      "Constituency": "Hyndburn",
      "Region": "North West"
    },
    {
      "Constituency": "Ilford North",
      "Region": "London"
    },
    {
      "Constituency": "Ilford South",
      "Region": "London"
    },
    {
      "Constituency": "Ipswich",
      "Region": "Eastern"
    },
    {
      "Constituency": "Isle of Wight East",
      "Region": "South East"
    },
    {
      "Constituency": "Isle of Wight West",
      "Region": "South East"
    },
    {
      "Constituency": "Islington North",
      "Region": "London"
    },
    {
      "Constituency": "Islington South and Finsbury",
      "Region": "London"
    },
    {
      "Constituency": "Jarrow and Gateshead East",
      "Region": "North East"
    },
    {
      "Constituency": "Keighley and Ilkley",
      "Region": "Yorkshire and the Humber"
    },
    {
      "Constituency": "Kenilworth and Southam",
      "Region": "West Midlands"
    },
    {
      "Constituency": "Kensington and Bayswater",
      "Region": "London"
    },
    {
      "Constituency": "Kettering",
      "Region": "East Midlands"
    },
    {
      "Constituency": "Kingston and Surbiton",
      "Region": "London"
    },
    {
      "Constituency": "Kingston upon Hull East",
      "Region": "Yorkshire and the Humber"
    },
    {
      "Constituency": "Kingston upon Hull North and Cottingham",
      "Region": "Yorkshire and the Humber"
    },
    {
      "Constituency": "Kingston upon Hull West and Haltemprice",
      "Region": "Yorkshire and the Humber"
    },
    {
      "Constituency": "Kingswinford and South Staffordshire",
      "Region": "West Midlands"
    },
    {
      "Constituency": "Knowsley",
      "Region": "North West"
    },
    {
      "Constituency": "Lancaster and Wyre",
      "Region": "North West"
    },
    {
      "Constituency": "Leeds Central and Headingley",
      "Region": "Yorkshire and the Humber"
    },
    {
      "Constituency": "Leeds East",
      "Region": "Yorkshire and the Humber"
    },
    {
      "Constituency": "Leeds North East",
      "Region": "Yorkshire and the Humber"
    },
    {
      "Constituency": "Leeds North West",
      "Region": "Yorkshire and the Humber"
    },
    {
      "Constituency": "Leeds South",
      "Region": "Yorkshire and the Humber"
    },
    {
      "Constituency": "Leeds South West and Morley",
      "Region": "Yorkshire and the Humber"
    },
    {
      "Constituency": "Leeds West and Pudsey",
      "Region": "Yorkshire and the Humber"
    },
    {
      "Constituency": "Leicester East",
      "Region": "East Midlands"
    },
    {
      "Constituency": "Leicester South",
      "Region": "East Midlands"
    },
    {
      "Constituency": "Leicester West",
      "Region": "East Midlands"
    },
    {
      "Constituency": "Leigh and Atherton",
      "Region": "North West"
    },
    {
      "Constituency": "Lewes",
      "Region": "South East"
    },
    {
      "Constituency": "Lewisham East",
      "Region": "London"
    },
    {
      "Constituency": "Lewisham North",
      "Region": "London"
    },
    {
      "Constituency": "Lewisham West and East Dulwich",
      "Region": "London"
    },
    {
      "Constituency": "Leyton and Wanstead",
      "Region": "London"
    },
    {
      "Constituency": "Lichfield",
      "Region": "West Midlands"
    },
    {
      "Constituency": "Lincoln",
      "Region": "East Midlands"
    },
    {
      "Constituency": "Liverpool Garston",
      "Region": "North West"
    },
    {
      "Constituency": "Liverpool Riverside",
      "Region": "North West"
    },
    {
      "Constituency": "Liverpool Walton",
      "Region": "North West"
    },
    {
      "Constituency": "Liverpool Wavertree",
      "Region": "North West"
    },
    {
      "Constituency": "Liverpool West Derby",
      "Region": "North West"
    },
    {
      "Constituency": "Loughborough",
      "Region": "East Midlands"
    },
    {
      "Constituency": "Louth and Horncastle",
      "Region": "East Midlands"
    },
    {
      "Constituency": "Lowestoft",
      "Region": "Eastern"
    },
    {
      "Constituency": "Luton North",
      "Region": "Eastern"
    },
    {
      "Constituency": "Luton South and South Bedfordshire",
      "Region": "Eastern"
    },
    {
      "Constituency": "Macclesfield",
      "Region": "North West"
    },
    {
      "Constituency": "Maidenhead",
      "Region": "South East"
    },
    {
      "Constituency": "Maidstone and Malling",
      "Region": "South East"
    },
    {
      "Constituency": "Makerfield",
      "Region": "North West"
    },
    {
      "Constituency": "Maldon",
      "Region": "Eastern"
    },
    {
      "Constituency": "Manchester Central",
      "Region": "North West"
    },
    {
      "Constituency": "Manchester Rusholme",
      "Region": "North West"
    },
    {
      "Constituency": "Manchester Withington",
      "Region": "North West"
    },
    {
      "Constituency": "Mansfield",
      "Region": "East Midlands"
    },
    {
      "Constituency": "Melksham and Devizes",
      "Region": "South West"
    },
    {
      "Constituency": "Melton and Syston",
      "Region": "East Midlands"
    },
    {
      "Constituency": "Meriden and Solihull East",
      "Region": "West Midlands"
    },
    {
      "Constituency": "Mid Bedfordshire",
      "Region": "Eastern"
    },
    {
      "Constituency": "Mid Buckinghamshire",
      "Region": "South East"
    },
    {
      "Constituency": "Mid Cheshire",
      "Region": "North West"
    },
    {
      "Constituency": "Mid Derbyshire",
      "Region": "East Midlands"
    },
    {
      "Constituency": "Mid Dorset and North Poole",
      "Region": "South West"
    },
    {
      "Constituency": "Mid Leicestershire",
      "Region": "East Midlands"
    },
    {
      "Constituency": "Mid Norfolk",
      "Region": "Eastern"
    },
    {
      "Constituency": "Mid Sussex",
      "Region": "South East"
    },
    {
      "Constituency": "Middlesbrough and Thornaby East",
      "Region": "North East"
    },
    {
      "Constituency": "Middlesbrough South and East Cleveland",
      "Region": "North East"
    },
    {
      "Constituency": "Milton Keynes Central",
      "Region": "South East"
    },
    {
      "Constituency": "Milton Keynes North",
      "Region": "South East"
    },
    {
      "Constituency": "Mitcham and Morden",
      "Region": "London"
    },
    {
      "Constituency": "Morecambe and Lunesdale",
      "Region": "North West"
    },
    {
      "Constituency": "New Forest East",
      "Region": "South East"
    },
    {
      "Constituency": "New Forest West",
      "Region": "South East"
    },
    {
      "Constituency": "Newark",
      "Region": "East Midlands"
    },
    {
      "Constituency": "Newbury",
      "Region": "South East"
    },
    {
      "Constituency": "Newcastle-under-Lyme",
      "Region": "West Midlands"
    },
    {
      "Constituency": "Newcastle upon Tyne Central and West",
      "Region": "North East"
    },
    {
      "Constituency": "Newcastle upon Tyne East and Wallsend",
      "Region": "North East"
    },
    {
      "Constituency": "Newcastle upon Tyne North",
      "Region": "North East"
    },
    {
      "Constituency": "Newton Abbot",
      "Region": "South West"
    },
    {
      "Constituency": "Newton Aycliffe and Spennymoor",
      "Region": "North East"
    },
    {
      "Constituency": "Normanton and Hemsworth",
      "Region": "Yorkshire and the Humber"
    },
    {
      "Constituency": "North Bedfordshire",
      "Region": "Eastern"
    },
    {
      "Constituency": "North Cornwall",
      "Region": "South West"
    },
    {
      "Constituency": "North Cotswolds",
      "Region": "South West"
    },
    {
      "Constituency": "North Devon",
      "Region": "South West"
    },
    {
      "Constituency": "North Dorset",
      "Region": "South West"
    },
    {
      "Constituency": "North Durham",
      "Region": "North East"
    },
    {
      "Constituency": "North East Cambridgeshire",
      "Region": "Eastern"
    },
    {
      "Constituency": "North East Derbyshire",
      "Region": "East Midlands"
    },
    {
      "Constituency": "North East Hampshire",
      "Region": "South East"
    },
    {
      "Constituency": "North East Hertfordshire",
      "Region": "Eastern"
    },
    {
      "Constituency": "North East Somerset and Hanham",
      "Region": "South West"
    },
    {
      "Constituency": "North Herefordshire",
      "Region": "West Midlands"
    },
    {
      "Constituency": "North Norfolk",
      "Region": "Eastern"
    },
    {
      "Constituency": "North Northumberland",
      "Region": "North East"
    },
    {
      "Constituency": "North Shropshire",
      "Region": "West Midlands"
    },
    {
      "Constituency": "North Somerset",
      "Region": "South West"
    },
    {
      "Constituency": "North Warwickshire and Bedworth",
      "Region": "West Midlands"
    },
    {
      "Constituency": "North West Cambridgeshire",
      "Region": "Eastern"
    },
    {
      "Constituency": "North West Essex",
      "Region": "Eastern"
    },
    {
      "Constituency": "North West Hampshire",
      "Region": "South East"
    },
    {
      "Constituency": "North West Leicestershire",
      "Region": "East Midlands"
    },
    {
      "Constituency": "North West Norfolk",
      "Region": "Eastern"
    },
    {
      "Constituency": "Northampton North",
      "Region": "East Midlands"
    },
    {
      "Constituency": "Northampton South",
      "Region": "East Midlands"
    },
    {
      "Constituency": "Norwich North",
      "Region": "Eastern"
    },
    {
      "Constituency": "Norwich South",
      "Region": "Eastern"
    },
    {
      "Constituency": "Nottingham East",
      "Region": "East Midlands"
    },
    {
      "Constituency": "Nottingham North and Kimberley",
      "Region": "East Midlands"
    },
    {
      "Constituency": "Nottingham South",
      "Region": "East Midlands"
    },
    {
      "Constituency": "Nuneaton",
      "Region": "West Midlands"
    },
    {
      "Constituency": "Old Bexley and Sidcup",
      "Region": "London"
    },
    {
      "Constituency": "Oldham East and Saddleworth",
      "Region": "North West"
    },
    {
      "Constituency": "Oldham West, Chadderton and Royton",
      "Region": "North West"
    },
    {
      "Constituency": "Orpington",
      "Region": "London"
    },
    {
      "Constituency": "Ossett and Denby Dale",
      "Region": "Yorkshire and the Humber"
    },
    {
      "Constituency": "Oxford East",
      "Region": "South East"
    },
    {
      "Constituency": "Oxford West and Abingdon",
      "Region": "South East"
    },
    {
      "Constituency": "Peckham",
      "Region": "London"
    },
    {
      "Constituency": "Pendle and Clitheroe",
      "Region": "North West"
    },
    {
      "Constituency": "Penistone and Stocksbridge",
      "Region": "Yorkshire and the Humber"
    },
    {
      "Constituency": "Penrith and Solway",
      "Region": "North West"
    },
    {
      "Constituency": "Peterborough",
      "Region": "Eastern"
    },
    {
      "Constituency": "Plymouth Moor View",
      "Region": "South West"
    },
    {
      "Constituency": "Plymouth Sutton and Devonport",
      "Region": "South West"
    },
    {
      "Constituency": "Pontefract, Castleford and Knottingley",
      "Region": "Yorkshire and the Humber"
    },
    {
      "Constituency": "Poole",
      "Region": "South West"
    },
    {
      "Constituency": "Poplar and Limehouse",
      "Region": "London"
    },
    {
      "Constituency": "Portsmouth North",
      "Region": "South East"
    },
    {
      "Constituency": "Portsmouth South",
      "Region": "South East"
    },
    {
      "Constituency": "Preston",
      "Region": "North West"
    },
    {
      "Constituency": "Putney",
      "Region": "London"
    },
    {
      "Constituency": "Queen's Park and Maida Vale",
      "Region": "London"
    },
    {
      "Constituency": "Rawmarsh and Conisbrough",
      "Region": "Yorkshire and the Humber"
    },
    {
      "Constituency": "Rayleigh and Wickford",
      "Region": "Eastern"
    },
    {
      "Constituency": "Reading Central",
      "Region": "South East"
    },
    {
      "Constituency": "Reading West and Mid Berkshire",
      "Region": "South East"
    },
    {
      "Constituency": "Redcar",
      "Region": "North East"
    },
    {
      "Constituency": "Redditch",
      "Region": "West Midlands"
    },
    {
      "Constituency": "Reigate",
      "Region": "South East"
    },
    {
      "Constituency": "Ribble Valley",
      "Region": "North West"
    },
    {
      "Constituency": "Richmond and Northallerton",
      "Region": "Yorkshire and the Humber"
    },
    {
      "Constituency": "Richmond Park",
      "Region": "London"
    },
    {
      "Constituency": "Rochdale",
      "Region": "North West"
    },
    {
      "Constituency": "Rochester and Strood",
      "Region": "South East"
    },
    {
      "Constituency": "Romford",
      "Region": "London"
    },
    {
      "Constituency": "Romsey and Southampton North",
      "Region": "South East"
    },
    {
      "Constituency": "Rossendale and Darwen",
      "Region": "North West"
    },
    {
      "Constituency": "Rother Valley",
      "Region": "Yorkshire and the Humber"
    },
    {
      "Constituency": "Rotherham",
      "Region": "Yorkshire and the Humber"
    },
    {
      "Constituency": "Rugby",
      "Region": "West Midlands"
    },
    {
      "Constituency": "Ruislip, Northwood and Pinner",
      "Region": "London"
    },
    {
      "Constituency": "Runcorn and Helsby",
      "Region": "North West"
    },
    {
      "Constituency": "Runnymede and Weybridge",
      "Region": "South East"
    },
    {
      "Constituency": "Rushcliffe",
      "Region": "East Midlands"
    },
    {
      "Constituency": "Rutland and Stamford",
      "Region": "East Midlands"
    },
    {
      "Constituency": "Salford",
      "Region": "North West"
    },
    {
      "Constituency": "Salisbury",
      "Region": "South West"
    },
    {
      "Constituency": "Scarborough and Whitby",
      "Region": "Yorkshire and the Humber"
    },
    {
      "Constituency": "Scunthorpe",
      "Region": "Yorkshire and the Humber"
    },
    {
      "Constituency": "Sefton Central",
      "Region": "North West"
    },
    {
      "Constituency": "Selby",
      "Region": "Yorkshire and the Humber"
    },
    {
      "Constituency": "Sevenoaks",
      "Region": "South East"
    },
    {
      "Constituency": "Sheffield Brightside and Hillsborough",
      "Region": "Yorkshire and the Humber"
    },
    {
      "Constituency": "Sheffield Central",
      "Region": "Yorkshire and the Humber"
    },
    {
      "Constituency": "Sheffield Hallam",
      "Region": "Yorkshire and the Humber"
    },
    {
      "Constituency": "Sheffield Heeley",
      "Region": "Yorkshire and the Humber"
    },
    {
      "Constituency": "Sheffield South East",
      "Region": "Yorkshire and the Humber"
    },
    {
      "Constituency": "Sherwood Forest",
      "Region": "East Midlands"
    },
    {
      "Constituency": "Shipley",
      "Region": "Yorkshire and the Humber"
    },
    {
      "Constituency": "Shrewsbury",
      "Region": "West Midlands"
    },
    {
      "Constituency": "Sittingbourne and Sheppey",
      "Region": "South East"
    },
    {
      "Constituency": "Skipton and Ripon",
      "Region": "Yorkshire and the Humber"
    },
    {
      "Constituency": "Sleaford and North Hykeham",
      "Region": "East Midlands"
    },
    {
      "Constituency": "Slough",
      "Region": "South East"
    },
    {
      "Constituency": "Smethwick",
      "Region": "West Midlands"
    },
    {
      "Constituency": "Solihull West and Shirley",
      "Region": "West Midlands"
    },
    {
      "Constituency": "South Basildon and East Thurrock",
      "Region": "Eastern"
    },
    {
      "Constituency": "South Cambridgeshire",
      "Region": "Eastern"
    },
    {
      "Constituency": "South Cotswolds",
      "Region": "South West"
    },
    {
      "Constituency": "South Derbyshire",
      "Region": "East Midlands"
    },
    {
      "Constituency": "South Devon",
      "Region": "South West"
    },
    {
      "Constituency": "South Dorset",
      "Region": "South West"
    },
    {
      "Constituency": "South East Cornwall",
      "Region": "South West"
    },
    {
      "Constituency": "South Holland and The Deepings",
      "Region": "East Midlands"
    },
    {
      "Constituency": "South Leicestershire",
      "Region": "East Midlands"
    },
    {
      "Constituency": "South Norfolk",
      "Region": "Eastern"
    },
    {
      "Constituency": "South Northamptonshire",
      "Region": "East Midlands"
    },
    {
      "Constituency": "South Ribble",
      "Region": "North West"
    },
    {
      "Constituency": "South Shields",
      "Region": "North East"
    },
    {
      "Constituency": "South Shropshire",
      "Region": "West Midlands"
    },
    {
      "Constituency": "South Suffolk",
      "Region": "Eastern"
    },
    {
      "Constituency": "South West Devon",
      "Region": "South West"
    },
    {
      "Constituency": "South West Hertfordshire",
      "Region": "Eastern"
    },
    {
      "Constituency": "South West Norfolk",
      "Region": "Eastern"
    },
    {
      "Constituency": "South West Wiltshire",
      "Region": "South West"
    },
    {
      "Constituency": "Southampton Itchen",
      "Region": "South East"
    },
    {
      "Constituency": "Southampton Test",
      "Region": "South East"
    },
    {
      "Constituency": "Southend East and Rochford",
      "Region": "Eastern"
    },
    {
      "Constituency": "Southend West and Leigh",
      "Region": "Eastern"
    },
    {
      "Constituency": "Southgate and Wood Green",
      "Region": "London"
    },
    {
      "Constituency": "Southport",
      "Region": "North West"
    },
    {
      "Constituency": "Spelthorne",
      "Region": "South East"
    },
    {
      "Constituency": "Spen Valley",
      "Region": "Yorkshire and the Humber"
    },
    {
      "Constituency": "St Albans",
      "Region": "Eastern"
    },
    {
      "Constituency": "St Austell and Newquay",
      "Region": "South West"
    },
    {
      "Constituency": "St Helens North",
      "Region": "North West"
    },
    {
      "Constituency": "St Helens South and Whiston",
      "Region": "North West"
    },
    {
      "Constituency": "St Ives",
      "Region": "South West"
    },
    {
      "Constituency": "St Neots and Mid Cambridgeshire",
      "Region": "Eastern"
    },
    {
      "Constituency": "Stafford",
      "Region": "West Midlands"
    },
    {
      "Constituency": "Staffordshire Moorlands",
      "Region": "West Midlands"
    },
    {
      "Constituency": "Stalybridge and Hyde",
      "Region": "North West"
    },
    {
      "Constituency": "Stevenage",
      "Region": "Eastern"
    },
    {
      "Constituency": "Stockport",
      "Region": "North West"
    },
    {
      "Constituency": "Stockton North",
      "Region": "North East"
    },
    {
      "Constituency": "Stockton West",
      "Region": "North East"
    },
    {
      "Constituency": "Stoke-on-Trent Central",
      "Region": "West Midlands"
    },
    {
      "Constituency": "Stoke-on-Trent North",
      "Region": "West Midlands"
    },
    {
      "Constituency": "Stoke-on-Trent South",
      "Region": "West Midlands"
    },
    {
      "Constituency": "Stone, Great Wyrley and Penkridge",
      "Region": "West Midlands"
    },
    {
      "Constituency": "Stourbridge",
      "Region": "West Midlands"
    },
    {
      "Constituency": "Stratford-on-Avon",
      "Region": "West Midlands"
    },
    {
      "Constituency": "Stratford and Bow",
      "Region": "London"
    },
    {
      "Constituency": "Streatham and Croydon North",
      "Region": "London"
    },
    {
      "Constituency": "Stretford and Urmston",
      "Region": "North West"
    },
    {
      "Constituency": "Stroud",
      "Region": "South West"
    },
    {
      "Constituency": "Suffolk Coastal",
      "Region": "Eastern"
    },
    {
      "Constituency": "Sunderland Central",
      "Region": "North East"
    },
    {
      "Constituency": "Surrey Heath",
      "Region": "South East"
    },
    {
      "Constituency": "Sussex Weald",
      "Region": "South East"
    },
    {
      "Constituency": "Sutton and Cheam",
      "Region": "London"
    },
    {
      "Constituency": "Sutton Coldfield",
      "Region": "West Midlands"
    },
    {
      "Constituency": "Swindon North",
      "Region": "South West"
    },
    {
      "Constituency": "Swindon South",
      "Region": "South West"
    },
    {
      "Constituency": "Tamworth",
      "Region": "West Midlands"
    },
    {
      "Constituency": "Tatton",
      "Region": "North West"
    },
    {
      "Constituency": "Taunton and Wellington",
      "Region": "South West"
    },
    {
      "Constituency": "Telford",
      "Region": "West Midlands"
    },
    {
      "Constituency": "Tewkesbury",
      "Region": "South West"
    },
    {
      "Constituency": "The Wrekin",
      "Region": "West Midlands"
    },
    {
      "Constituency": "Thirsk and Malton",
      "Region": "Yorkshire and the Humber"
    },
    {
      "Constituency": "Thornbury and Yate",
      "Region": "South West"
    },
    {
      "Constituency": "Thurrock",
      "Region": "Eastern"
    },
    {
      "Constituency": "Tipton and Wednesbury",
      "Region": "West Midlands"
    },
    {
      "Constituency": "Tiverton and Minehead",
      "Region": "South West"
    },
    {
      "Constituency": "Tonbridge",
      "Region": "South East"
    },
    {
      "Constituency": "Tooting",
      "Region": "London"
    },
    {
      "Constituency": "Torbay",
      "Region": "South West"
    },
    {
      "Constituency": "Torridge and Tavistock",
      "Region": "South West"
    },
    {
      "Constituency": "Tottenham",
      "Region": "London"
    },
    {
      "Constituency": "Truro and Falmouth",
      "Region": "South West"
    },
    {
      "Constituency": "Tunbridge Wells",
      "Region": "South East"
    },
    {
      "Constituency": "Twickenham",
      "Region": "London"
    },
    {
      "Constituency": "Tynemouth",
      "Region": "North East"
    },
    {
      "Constituency": "Uxbridge and South Ruislip",
      "Region": "London"
    },
    {
      "Constituency": "Vauxhall and Camberwell Green",
      "Region": "London"
    },
    {
      "Constituency": "Wakefield and Rothwell",
      "Region": "Yorkshire and the Humber"
    },
    {
      "Constituency": "Wallasey",
      "Region": "North West"
    },
    {
      "Constituency": "Walsall and Bloxwich",
      "Region": "West Midlands"
    },
    {
      "Constituency": "Walthamstow",
      "Region": "London"
    },
    {
      "Constituency": "Warrington North",
      "Region": "North West"
    },
    {
      "Constituency": "Warrington South",
      "Region": "North West"
    },
    {
      "Constituency": "Warwick and Leamington",
      "Region": "West Midlands"
    },
    {
      "Constituency": "Washington and Gateshead South",
      "Region": "North East"
    },
    {
      "Constituency": "Watford",
      "Region": "Eastern"
    },
    {
      "Constituency": "Waveney Valley",
      "Region": "Eastern"
    },
    {
      "Constituency": "Weald of Kent",
      "Region": "South East"
    },
    {
      "Constituency": "Wellingborough and Rushden",
      "Region": "East Midlands"
    },
    {
      "Constituency": "Wells and Mendip Hills",
      "Region": "South West"
    },
    {
      "Constituency": "Welwyn Hatfield",
      "Region": "Eastern"
    },
    {
      "Constituency": "West Bromwich",
      "Region": "West Midlands"
    },
    {
      "Constituency": "West Dorset",
      "Region": "South West"
    },
    {
      "Constituency": "West Ham and Beckton",
      "Region": "London"
    },
    {
      "Constituency": "West Lancashire",
      "Region": "North West"
    },
    {
      "Constituency": "West Suffolk",
      "Region": "Eastern"
    },
    {
      "Constituency": "West Worcestershire",
      "Region": "West Midlands"
    },
    {
      "Constituency": "Westmorland and Lonsdale",
      "Region": "North West"
    },
    {
      "Constituency": "Weston-super-Mare",
      "Region": "South West"
    },
    {
      "Constituency": "Wetherby and Easingwold",
      "Region": "Yorkshire and the Humber"
    },
    {
      "Constituency": "Whitehaven and Workington",
      "Region": "North West"
    },
    {
      "Constituency": "Widnes and Halewood",
      "Region": "North West"
    },
    {
      "Constituency": "Wigan",
      "Region": "North West"
    },
    {
      "Constituency": "Wimbledon",
      "Region": "London"
    },
    {
      "Constituency": "Winchester",
      "Region": "South East"
    },
    {
      "Constituency": "Windsor",
      "Region": "South East"
    },
    {
      "Constituency": "Wirral West",
      "Region": "North West"
    },
    {
      "Constituency": "Witham",
      "Region": "Eastern"
    },
    {
      "Constituency": "Witney",
      "Region": "South East"
    },
    {
      "Constituency": "Woking",
      "Region": "South East"
    },
    {
      "Constituency": "Wokingham",
      "Region": "South East"
    },
    {
      "Constituency": "Wolverhampton North East",
      "Region": "West Midlands"
    },
    {
      "Constituency": "Wolverhampton South East",
      "Region": "West Midlands"
    },
    {
      "Constituency": "Wolverhampton West",
      "Region": "West Midlands"
    },
    {
      "Constituency": "Worcester",
      "Region": "West Midlands"
    },
    {
      "Constituency": "Worsley and Eccles",
      "Region": "North West"
    },
    {
      "Constituency": "Worthing West",
      "Region": "South East"
    },
    {
      "Constituency": "Wycombe",
      "Region": "South East"
    },
    {
      "Constituency": "Wyre Forest",
      "Region": "West Midlands"
    },
    {
      "Constituency": "Wythenshawe and Sale East",
      "Region": "North West"
    },
    {
      "Constituency": "Yeovil",
      "Region": "South West"
    },
    {
      "Constituency": "York Central",
      "Region": "Yorkshire and the Humber"
    },
    {
      "Constituency": "York Outer",
      "Region": "Yorkshire and the Humber"
    },
    {
      "Constituency": "Aberdeen North",
      "Region": "Scotland"
    },
    {
      "Constituency": "Aberdeen South",
      "Region": "Scotland"
    },
    {
      "Constituency": "Aberdeenshire North and Moray East",
      "Region": "Scotland"
    },
    {
      "Constituency": "Airdrie and Shotts",
      "Region": "Scotland"
    },
    {
      "Constituency": "Alloa and Grangemouth",
      "Region": "Scotland"
    },
    {
      "Constituency": "Angus and Perthshire Glens",
      "Region": "Scotland"
    },
    {
      "Constituency": "Arbroath and Broughty Ferry",
      "Region": "Scotland"
    },
    {
      "Constituency": "Argyll, Bute and South Lochaber",
      "Region": "Scotland"
    },
    {
      "Constituency": "Ayr, Carrick and Cumnock",
      "Region": "Scotland"
    },
    {
      "Constituency": "Bathgate and Linlithgow",
      "Region": "Scotland"
    },
    {
      "Constituency": "Berwickshire, Roxburgh and Selkirk",
      "Region": "Scotland"
    },
    {
      "Constituency": "Caithness, Sutherland and Easter Ross",
      "Region": "Scotland"
    },
    {
      "Constituency": "Central Ayrshire",
      "Region": "Scotland"
    },
    {
      "Constituency": "Coatbridge and Bellshill",
      "Region": "Scotland"
    },
    {
      "Constituency": "Cowdenbeath and Kirkcaldy",
      "Region": "Scotland"
    },
    {
      "Constituency": "Cumbernauld and Kirkintilloch",
      "Region": "Scotland"
    },
    {
      "Constituency": "Dumfries and Galloway",
      "Region": "Scotland"
    },
    {
      "Constituency": "Dumfriesshire, Clydesdale and Tweeddale",
      "Region": "Scotland"
    },
    {
      "Constituency": "Dundee Central",
      "Region": "Scotland"
    },
    {
      "Constituency": "Dunfermline and Dollar",
      "Region": "Scotland"
    },
    {
      "Constituency": "East Kilbride and Strathaven",
      "Region": "Scotland"
    },
    {
      "Constituency": "East Renfrewshire",
      "Region": "Scotland"
    },
    {
      "Constituency": "Edinburgh East and Musselburgh",
      "Region": "Scotland"
    },
    {
      "Constituency": "Edinburgh North and Leith",
      "Region": "Scotland"
    },
    {
      "Constituency": "Edinburgh South",
      "Region": "Scotland"
    },
    {
      "Constituency": "Edinburgh South West",
      "Region": "Scotland"
    },
    {
      "Constituency": "Edinburgh West",
      "Region": "Scotland"
    },
    {
      "Constituency": "Falkirk",
      "Region": "Scotland"
    },
    {
      "Constituency": "Glasgow East",
      "Region": "Scotland"
    },
    {
      "Constituency": "Glasgow North",
      "Region": "Scotland"
    },
    {
      "Constituency": "Glasgow North East",
      "Region": "Scotland"
    },
    {
      "Constituency": "Glasgow South",
      "Region": "Scotland"
    },
    {
      "Constituency": "Glasgow South West",
      "Region": "Scotland"
    },
    {
      "Constituency": "Glasgow West",
      "Region": "Scotland"
    },
    {
      "Constituency": "Glenrothes and Mid Fife",
      "Region": "Scotland"
    },
    {
      "Constituency": "Gordon and Buchan",
      "Region": "Scotland"
    },
    {
      "Constituency": "Hamilton and Clyde Valley",
      "Region": "Scotland"
    },
    {
      "Constituency": "Inverclyde and Renfrewshire West",
      "Region": "Scotland"
    },
    {
      "Constituency": "Inverness, Skye and West Ross-shire",
      "Region": "Scotland"
    },
    {
      "Constituency": "Kilmarnock and Loudoun",
      "Region": "Scotland"
    },
    {
      "Constituency": "Livingston",
      "Region": "Scotland"
    },
    {
      "Constituency": "Lothian East",
      "Region": "Scotland"
    },
    {
      "Constituency": "Mid Dunbartonshire",
      "Region": "Scotland"
    },
    {
      "Constituency": "Midlothian",
      "Region": "Scotland"
    },
    {
      "Constituency": "Moray West, Nairn and Strathspey",
      "Region": "Scotland"
    },
    {
      "Constituency": "Motherwell, Wishaw and Carluke",
      "Region": "Scotland"
    },
    {
      "Constituency": "Na h-Eileanan an Iar",
      "Region": "Scotland"
    },
    {
      "Constituency": "North Ayrshire and Arran",
      "Region": "Scotland"
    },
    {
      "Constituency": "North East Fife",
      "Region": "Scotland"
    },
    {
      "Constituency": "Orkney and Shetland",
      "Region": "Scotland"
    },
    {
      "Constituency": "Paisley and Renfrewshire North",
      "Region": "Scotland"
    },
    {
      "Constituency": "Paisley and Renfrewshire South",
      "Region": "Scotland"
    },
    {
      "Constituency": "Perth and Kinross-shire",
      "Region": "Scotland"
    },
    {
      "Constituency": "Rutherglen",
      "Region": "Scotland"
    },
    {
      "Constituency": "Stirling and Strathallan",
      "Region": "Scotland"
    },
    {
      "Constituency": "West Aberdeenshire and Kincardine",
      "Region": "Scotland"
    },
    {
      "Constituency": "West Dunbartonshire",
      "Region": "Scotland"
    },
    {
      "Constituency": "Belfast East",
      "Region": "Northern Ireland"
    },
    {
      "Constituency": "Belfast North",
      "Region": "Northern Ireland"
    },
    {
      "Constituency": "Belfast South and Mid Down",
      "Region": "Northern Ireland"
    },
    {
      "Constituency": "Belfast West",
      "Region": "Northern Ireland"
    },
    {
      "Constituency": "East Antrim",
      "Region": "Northern Ireland"
    },
    {
      "Constituency": "East Londonderry",
      "Region": "Northern Ireland"
    },
    {
      "Constituency": "Fermanagh and South Tyrone",
      "Region": "Northern Ireland"
    },
    {
      "Constituency": "Foyle",
      "Region": "Northern Ireland"
    },
    {
      "Constituency": "Lagan Valley",
      "Region": "Northern Ireland"
    },
    {
      "Constituency": "Mid Ulster",
      "Region": "Northern Ireland"
    },
    {
      "Constituency": "Newry and Armagh",
      "Region": "Northern Ireland"
    },
    {
      "Constituency": "North Antrim",
      "Region": "Northern Ireland"
    },
    {
      "Constituency": "North Down",
      "Region": "Northern Ireland"
    },
    {
      "Constituency": "South Antrim",
      "Region": "Northern Ireland"
    },
    {
      "Constituency": "South Down",
      "Region": "Northern Ireland"
    },
    {
      "Constituency": "Strangford",
      "Region": "Northern Ireland"
    },
    {
      "Constituency": "Upper Bann",
      "Region": "Northern Ireland"
    },
    {
      "Constituency": "West Tyrone",
      "Region": "Northern Ireland"
    },
    {
      "Constituency": "Aberafan Maesteg",
      "Region": "Wales"
    },
    {
      "Constituency": "Alyn and Deeside",
      "Region": "Wales"
    },
    {
      "Constituency": "Bangor Aberconwy",
      "Region": "Wales"
    },
    {
      "Constituency": "Blaenau Gwent and Rhymney",
      "Region": "Wales"
    },
    {
      "Constituency": "Brecon, Radnor and Cwm Tawe",
      "Region": "Wales"
    },
    {
      "Constituency": "Bridgend",
      "Region": "Wales"
    },
    {
      "Constituency": "Caerfyrddin",
      "Region": "Wales"
    },
    {
      "Constituency": "Caerphilly",
      "Region": "Wales"
    },
    {
      "Constituency": "Cardiff East",
      "Region": "Wales"
    },
    {
      "Constituency": "Cardiff North",
      "Region": "Wales"
    },
    {
      "Constituency": "Cardiff South and Penarth",
      "Region": "Wales"
    },
    {
      "Constituency": "Cardiff West",
      "Region": "Wales"
    },
    {
      "Constituency": "Ceredigion Preseli",
      "Region": "Wales"
    },
    {
      "Constituency": "Clwyd East",
      "Region": "Wales"
    },
    {
      "Constituency": "Clwyd North",
      "Region": "Wales"
    },
    {
      "Constituency": "Dwyfor Meirionnydd",
      "Region": "Wales"
    },
    {
      "Constituency": "Gower",
      "Region": "Wales"
    },
    {
      "Constituency": "Llanelli",
      "Region": "Wales"
    },
    {
      "Constituency": "Merthyr Tydfil and Aberdare",
      "Region": "Wales"
    },
    {
      "Constituency": "Mid and South Pembrokeshire",
      "Region": "Wales"
    },
    {
      "Constituency": "Monmouthshire",
      "Region": "Wales"
    },
    {
      "Constituency": "Montgomeryshire and Glyndr",
      "Region": "Wales"
    },
    {
      "Constituency": "Neath and Swansea East",
      "Region": "Wales"
    },
    {
      "Constituency": "Newport East",
      "Region": "Wales"
    },
    {
      "Constituency": "Newport West and Islwyn",
      "Region": "Wales"
    },
    {
      "Constituency": "Pontypridd",
      "Region": "Wales"
    },
    {
      "Constituency": "Rhondda and Ogmore",
      "Region": "Wales"
    },
    {
      "Constituency": "Swansea West",
      "Region": "Wales"
    },
    {
      "Constituency": "Torfaen",
      "Region": "Wales"
    },
    {
      "Constituency": "Vale of Glamorgan",
      "Region": "Wales"
    },
    {
      "Constituency": "Wrexham",
      "Region": "Wales"
    },
    {
      "Constituency": "Ynys Mn",
      "Region": "Wales"
    }
   ]